CREATE DATABASE TicketManagementDatabase
USE TicketManagementDatabase

create table [Planes] (
  [Id] INT,
  [Name] VARCHAR(50),
  [Make] VARCHAR(50),
  [Model] VARCHAR(50)
);
    insert into [Planes] ([Id], [Name], [Make], [Model]) values (1, 'Dibbert Group', 'Lincoln', 'Navigator');
    insert into [Planes] ([Id], [Name], [Make], [Model]) values (2, 'Vandervort Inc', 'Chevrolet', 'Silverado 3500');
    insert into [Planes] ([Id], [Name], [Make], [Model]) values (3, 'Nienow-Hilpert', 'Toyota', 'TundraMax');
    insert into [Planes] ([Id], [Name], [Make], [Model]) values (4, 'Thompson-Schultz', 'Buick', 'Skyhawk');
    insert into [Planes] ([Id], [Name], [Make], [Model]) values (5, 'Ortiz-Rosenbaum', 'Acura', 'RL');
    insert into [Planes] ([Id], [Name], [Make], [Model]) values (6, 'Hagenes-Collins', 'BMW', '5 Series');
    insert into [Planes] ([Id], [Name], [Make], [Model]) values (7, 'Wilderman, Tremblay and Ruecker', 'Porsche', 'Panamera');
    insert into [Planes] ([Id], [Name], [Make], [Model]) values (8, 'Hackett-Kshlerin', 'Oldsmobile', 'Bravada');
    insert into [Planes] ([Id], [Name], [Make], [Model]) values (9, 'Schinner, Leannon and Hoppe', 'Mitsubishi', 'Raider');
    insert into [Planes] ([Id], [Name], [Make], [Model]) values (10, 'Hilpert-Kunde', 'GMC', '2500 Club Coupe');
    insert into [Planes] ([Id], [Name], [Make], [Model]) values (11, 'Runolfsson LLC', 'Chrysler', 'Town & Country');
    insert into [Planes] ([Id], [Name], [Make], [Model]) values (12, 'Wehner-Satterfield', 'Subaru', 'Impreza');
    insert into [Planes] ([Id], [Name], [Make], [Model]) values (13, 'Upton LLC', 'Buick', 'Park Avenue');
    insert into [Planes] ([Id], [Name], [Make], [Model]) values (14, 'Bayer, Gutmann and Schulist', 'BMW', 'M5');
    insert into [Planes] ([Id], [Name], [Make], [Model]) values (15, 'Walter-Brekke', 'Dodge', 'Avenger');
    insert into [Planes] ([Id], [Name], [Make], [Model]) values (16, 'Klein, Ward and Kutch', 'Mitsubishi', 'RVR');
    insert into [Planes] ([Id], [Name], [Make], [Model]) values (17, 'Stoltenberg LLC', 'Isuzu', 'Trooper');
    insert into [Planes] ([Id], [Name], [Make], [Model]) values (18, 'Parisian LLC', 'Audi', '90');
    insert into [Planes] ([Id], [Name], [Make], [Model]) values (19, 'Stokes, Batz and Roob', 'Mitsubishi', 'Truck');
    insert into [Planes] ([Id], [Name], [Make], [Model]) values (20, 'Rath, Fay and Bauch', 'Kia', 'Rio');
    insert into [Planes] ([Id], [Name], [Make], [Model]) values (21, 'Rowe-Hauck', 'GMC', 'Sonoma');
    insert into [Planes] ([Id], [Name], [Make], [Model]) values (22, 'Spinka-Aufderhar', 'Maserati', 'Quattroporte');
    insert into [Planes] ([Id], [Name], [Make], [Model]) values (23, 'Tremblay, Feil and Kertzmann', 'Ford', 'Model T');
    insert into [Planes] ([Id], [Name], [Make], [Model]) values (24, 'Gutkowski, Mohr and Stanton', 'Infiniti', 'G');
    insert into [Planes] ([Id], [Name], [Make], [Model]) values (25, 'Heller-Funk', 'Mercedes-Benz', 'E-Class');
    insert into [Planes] ([Id], [Name], [Make], [Model]) values (26, 'Flatley, Schoen and Rolfson', 'BMW', '5 Series');
    insert into [Planes] ([Id], [Name], [Make], [Model]) values (27, 'Hansen, Brakus and Grady', 'Land Rover', 'Range Rover');
    insert into [Planes] ([Id], [Name], [Make], [Model]) values (28, 'Corkery, Watsica and Walter', 'Chrysler', 'Town & Country');
    insert into [Planes] ([Id], [Name], [Make], [Model]) values (29, 'Leannon, Jacobson and Senger', 'Toyota', 'Prius');
    insert into [Planes] ([Id], [Name], [Make], [Model]) values (30, 'Schuppe-Greenfelder', 'Maybach', '62');
    insert into [Planes] ([Id], [Name], [Make], [Model]) values (31, 'Donnelly LLC', 'Jeep', 'Grand Cherokee');
    insert into [Planes] ([Id], [Name], [Make], [Model]) values (32, 'Grant and Sons', 'BMW', 'X6 M');
    insert into [Planes] ([Id], [Name], [Make], [Model]) values (33, 'Schmidt Group', 'Audi', '80');
    insert into [Planes] ([Id], [Name], [Make], [Model]) values (34, 'Roob-Jacobs', 'Volvo', 'V70');
    insert into [Planes] ([Id], [Name], [Make], [Model]) values (35, 'Streich, Ledner and Berge', 'Dodge', 'Durango');
    insert into [Planes] ([Id], [Name], [Make], [Model]) values (36, 'Roob Inc', 'GMC', 'Sierra');
    insert into [Planes] ([Id], [Name], [Make], [Model]) values (37, 'Quigley LLC', 'Ford', 'Excursion');
    insert into [Planes] ([Id], [Name], [Make], [Model]) values (38, 'Olson and Sons', 'Mitsubishi', 'Pajero');
    insert into [Planes] ([Id], [Name], [Make], [Model]) values (39, 'Hackett, Romaguera and Gislason', 'Subaru', 'Outback');
    insert into [Planes] ([Id], [Name], [Make], [Model]) values (40, 'Luettgen-Renner', 'BMW', 'X5 M');
    insert into [Planes] ([Id], [Name], [Make], [Model]) values (41, 'Sawayn-Little', 'Ford', 'Econoline E350');
    insert into [Planes] ([Id], [Name], [Make], [Model]) values (42, 'Murazik-Legros', 'Buick', 'Reatta');
    insert into [Planes] ([Id], [Name], [Make], [Model]) values (43, 'Keeling, Witting and Auer', 'Saturn', 'S-Series');
    insert into [Planes] ([Id], [Name], [Make], [Model]) values (44, 'Batz, Harris and Leannon', 'Honda', 'Pilot');
    insert into [Planes] ([Id], [Name], [Make], [Model]) values (45, 'Grimes, Johns and Wuckert', 'Chevrolet', 'Caprice');
    insert into [Planes] ([Id], [Name], [Make], [Model]) values (46, 'Blick, Grant and Berge', 'Ford', 'Expedition');
    insert into [Planes] ([Id], [Name], [Make], [Model]) values (47, 'Orn-Donnelly', 'Ford', 'Taurus');
    insert into [Planes] ([Id], [Name], [Make], [Model]) values (48, 'Schuster, Barton and Huel', 'Mercedes-Benz', 'C-Class');
    insert into [Planes] ([Id], [Name], [Make], [Model]) values (49, 'Considine Group', 'Dodge', 'Ram 1500 Club');
    insert into [Planes] ([Id], [Name], [Make], [Model]) values (50, 'Kub, Brown and Morar', 'Chevrolet', 'G-Series G10');
    insert into [Planes] ([Id], [Name], [Make], [Model]) values (51, 'Walter-Lind', 'Chevrolet', 'Colorado');
    insert into [Planes] ([Id], [Name], [Make], [Model]) values (52, 'West, Marks and Murazik', 'Suzuki', 'XL7');
    insert into [Planes] ([Id], [Name], [Make], [Model]) values (53, 'Skiles, Vandervort and Windler', 'Lincoln', 'Continental');
    insert into [Planes] ([Id], [Name], [Make], [Model]) values (54, 'Lemke and Sons', 'Alfa Romeo', 'Spider');
    insert into [Planes] ([Id], [Name], [Make], [Model]) values (55, 'Carter Group', 'Chrysler', 'Concorde');
    insert into [Planes] ([Id], [Name], [Make], [Model]) values (56, 'Beer, Keeling and Hackett', 'Ford', 'Explorer');
    insert into [Planes] ([Id], [Name], [Make], [Model]) values (57, 'Kerluke-Buckridge', 'Ford', 'Fairlane');
    insert into [Planes] ([Id], [Name], [Make], [Model]) values (58, 'Langworth, Schuster and Moore', 'Volvo', 'S60');
    insert into [Planes] ([Id], [Name], [Make], [Model]) values (59, 'Christiansen, Koelpin and Champlin', 'Isuzu', 'Space');
    insert into [Planes] ([Id], [Name], [Make], [Model]) values (60, 'Watsica, Sipes and Strosin', 'Chrysler', 'Prowler');
    insert into [Planes] ([Id], [Name], [Make], [Model]) values (61, 'Cole, Bailey and Kautzer', 'Cadillac', 'Seville');
    insert into [Planes] ([Id], [Name], [Make], [Model]) values (62, 'Wiegand and Sons', 'Toyota', 'Yaris');
    insert into [Planes] ([Id], [Name], [Make], [Model]) values (63, 'Hudson-Abshire', 'Oldsmobile', 'Ciera');
    insert into [Planes] ([Id], [Name], [Make], [Model]) values (64, 'Kirlin-Gerhold', 'Subaru', 'SVX');
    insert into [Planes] ([Id], [Name], [Make], [Model]) values (65, 'Kuhn-Runte', 'Cadillac', 'Escalade EXT');
    insert into [Planes] ([Id], [Name], [Make], [Model]) values (66, 'Marvin Inc', 'Ford', 'F-Series');
    insert into [Planes] ([Id], [Name], [Make], [Model]) values (67, 'Doyle, Durgan and Marks', 'Mazda', 'RX-7');
    insert into [Planes] ([Id], [Name], [Make], [Model]) values (68, 'Hermann-Collier', 'Hyundai', 'Veracruz');
    insert into [Planes] ([Id], [Name], [Make], [Model]) values (69, 'Kutch-Fritsch', 'Volkswagen', 'GTI');
    insert into [Planes] ([Id], [Name], [Make], [Model]) values (70, 'Rice, Flatley and Adams', 'Land Rover', 'Range Rover');
    insert into [Planes] ([Id], [Name], [Make], [Model]) values (71, 'Olson, Bartoletti and Dicki', 'Jeep', 'Grand Cherokee');
    insert into [Planes] ([Id], [Name], [Make], [Model]) values (72, 'Murray-Zemlak', 'Lexus', 'IS F');
    insert into [Planes] ([Id], [Name], [Make], [Model]) values (73, 'Erdman Group', 'Jeep', 'Wrangler');
    insert into [Planes] ([Id], [Name], [Make], [Model]) values (74, 'Gleason LLC', 'Mitsubishi', 'Outlander');
    insert into [Planes] ([Id], [Name], [Make], [Model]) values (75, 'Sporer Group', 'GMC', 'Yukon');
    insert into [Planes] ([Id], [Name], [Make], [Model]) values (76, 'Fadel LLC', 'Oldsmobile', '88');
    insert into [Planes] ([Id], [Name], [Make], [Model]) values (77, 'Casper, Kuhlman and Gutmann', 'Ford', 'Taurus');
    insert into [Planes] ([Id], [Name], [Make], [Model]) values (78, 'Brakus, Stamm and Erdman', 'Toyota', 'FJ Cruiser');
    insert into [Planes] ([Id], [Name], [Make], [Model]) values (79, 'Goldner-Parker', 'Pontiac', 'Firebird');
    insert into [Planes] ([Id], [Name], [Make], [Model]) values (80, 'Simonis, Lebsack and Schmidt', 'Toyota', 'Celica');
    insert into [Planes] ([Id], [Name], [Make], [Model]) values (81, 'Haley LLC', 'Honda', 'Element');
    insert into [Planes] ([Id], [Name], [Make], [Model]) values (82, 'Maggio Group', 'Honda', 'CR-V');
    insert into [Planes] ([Id], [Name], [Make], [Model]) values (83, 'Gulgowski Group', 'Buick', 'LeSabre');
    insert into [Planes] ([Id], [Name], [Make], [Model]) values (84, 'Steuber, Anderson and Schiller', 'Chevrolet', 'Express 1500');
    insert into [Planes] ([Id], [Name], [Make], [Model]) values (85, 'Bosco and Sons', 'Ford', 'Escort');
    insert into [Planes] ([Id], [Name], [Make], [Model]) values (86, 'Walker-Stamm', 'Ford', 'Taurus');
    insert into [Planes] ([Id], [Name], [Make], [Model]) values (87, 'Nicolas, O''Reilly and Cronin', 'Ford', 'F350');
    insert into [Planes] ([Id], [Name], [Make], [Model]) values (88, 'Bayer, D''Amore and Hamill', 'Dodge', 'Ram 1500');
    insert into [Planes] ([Id], [Name], [Make], [Model]) values (89, 'Gorczany, Romaguera and Watsica', 'Oldsmobile', 'Ciera');
    insert into [Planes] ([Id], [Name], [Make], [Model]) values (90, 'Cremin, Altenwerth and Bayer', 'Volvo', 'V40');
    insert into [Planes] ([Id], [Name], [Make], [Model]) values (91, 'Huels Inc', 'BMW', '5 Series');
    insert into [Planes] ([Id], [Name], [Make], [Model]) values (92, 'Collier, Hyatt and Muller', 'Pontiac', 'Sunfire');
    insert into [Planes] ([Id], [Name], [Make], [Model]) values (93, 'Collier, Mills and Jacobson', 'Acura', 'Integra');
    insert into [Planes] ([Id], [Name], [Make], [Model]) values (94, 'Jakubowski Inc', 'Acura', 'TL');
    insert into [Planes] ([Id], [Name], [Make], [Model]) values (95, 'Friesen Group', 'Pontiac', 'Bonneville');
    insert into [Planes] ([Id], [Name], [Make], [Model]) values (96, 'Schmeler-Padberg', 'Kia', 'Sephia');
    insert into [Planes] ([Id], [Name], [Make], [Model]) values (97, 'Williamson, Hirthe and Treutel', 'BMW', 'X6 M');
    insert into [Planes] ([Id], [Name], [Make], [Model]) values (98, 'Corkery-Sauer', 'Hummer', 'H2');
    insert into [Planes] ([Id], [Name], [Make], [Model]) values (99, 'Bogan-Gibson', 'Infiniti', 'QX');
    insert into [Planes] ([Id], [Name], [Make], [Model]) values (100, 'Zboncak Group', 'Chevrolet', 'Malibu');





create table [Customers] (
                             [Id] INT,
                             [FirstName] VARCHAR(50),
                             [LastName] VARCHAR(50),
                             [Country] VARCHAR(50),
                             [Age] INT
);
insert into [Customers] ([Id], [FirstName], [LastName], [Country], [Age]) values (1, 'Bobine', 'Gedge', 'Serbia', 56);
insert into [Customers] ([Id], [FirstName], [LastName], [Country], [Age]) values (2, 'Gerald', 'Simester', 'Ukraine', 24);
insert into [Customers] ([Id], [FirstName], [LastName], [Country], [Age]) values (3, 'Lishe', 'Blankhorn', 'United States', 81);
insert into [Customers] ([Id], [FirstName], [LastName], [Country], [Age]) values (4, 'Parsifal', 'Eggerton', 'Russia', 33);
insert into [Customers] ([Id], [FirstName], [LastName], [Country], [Age]) values (5, 'Corella', 'Roaf', 'Nicaragua', 53);
insert into [Customers] ([Id], [FirstName], [LastName], [Country], [Age]) values (6, 'Ernaline', 'Stickells', 'China', 98);
insert into [Customers] ([Id], [FirstName], [LastName], [Country], [Age]) values (7, 'Jere', 'Varey', 'Poland', 92);
insert into [Customers] ([Id], [FirstName], [LastName], [Country], [Age]) values (8, 'Ezmeralda', 'Howgill', 'France', 49);
insert into [Customers] ([Id], [FirstName], [LastName], [Country], [Age]) values (9, 'Karina', 'Brommage', 'France', 23);
insert into [Customers] ([Id], [FirstName], [LastName], [Country], [Age]) values (10, 'Cornelle', 'Georger', 'United States', 57);
insert into [Customers] ([Id], [FirstName], [LastName], [Country], [Age]) values (11, 'Stepha', 'Sherington', 'Iraq', 99);
insert into [Customers] ([Id], [FirstName], [LastName], [Country], [Age]) values (12, 'Friedrick', 'Gres', 'Moldova', 21);
insert into [Customers] ([Id], [FirstName], [LastName], [Country], [Age]) values (13, 'Skip', 'Englefield', 'China', 36);
insert into [Customers] ([Id], [FirstName], [LastName], [Country], [Age]) values (14, 'Benoite', 'Craggs', 'China', 46);
insert into [Customers] ([Id], [FirstName], [LastName], [Country], [Age]) values (15, 'Freddie', 'Gaitung', 'Russia', 53);
insert into [Customers] ([Id], [FirstName], [LastName], [Country], [Age]) values (16, 'Iggy', 'Vasichev', 'Brazil', 72);
insert into [Customers] ([Id], [FirstName], [LastName], [Country], [Age]) values (17, 'Berny', 'Beretta', 'Indonesia', 16);
insert into [Customers] ([Id], [FirstName], [LastName], [Country], [Age]) values (18, 'Ruthi', 'Matic', 'Ukraine', 36);
insert into [Customers] ([Id], [FirstName], [LastName], [Country], [Age]) values (19, 'Jeanine', 'McIlhone', 'Sweden', 45);
insert into [Customers] ([Id], [FirstName], [LastName], [Country], [Age]) values (20, 'Basilio', 'Bernlin', 'Russia', 73);
insert into [Customers] ([Id], [FirstName], [LastName], [Country], [Age]) values (21, 'Ulrikaumeko', 'Rodge', 'Portugal', 59);
insert into [Customers] ([Id], [FirstName], [LastName], [Country], [Age]) values (22, 'Bessy', 'Rignold', 'China', 72);
insert into [Customers] ([Id], [FirstName], [LastName], [Country], [Age]) values (23, 'Arin', 'Tale', 'Philippines', 51);
insert into [Customers] ([Id], [FirstName], [LastName], [Country], [Age]) values (24, 'Nicolina', 'Sylvester', 'China', 65);
insert into [Customers] ([Id], [FirstName], [LastName], [Country], [Age]) values (25, 'Melinde', 'Di Napoli', 'Greece', 28);
insert into [Customers] ([Id], [FirstName], [LastName], [Country], [Age]) values (26, 'Johnathan', 'Grigorescu', 'Philippines', 53);
insert into [Customers] ([Id], [FirstName], [LastName], [Country], [Age]) values (27, 'Sasha', 'Jory', 'Kyrgyzstan', 55);
insert into [Customers] ([Id], [FirstName], [LastName], [Country], [Age]) values (28, 'Cort', 'Thridgould', 'Russia', 99);
insert into [Customers] ([Id], [FirstName], [LastName], [Country], [Age]) values (29, 'Aldric', 'Maceur', 'China', 14);
insert into [Customers] ([Id], [FirstName], [LastName], [Country], [Age]) values (30, 'Brendin', 'Capell', 'Bolivia', 61);
insert into [Customers] ([Id], [FirstName], [LastName], [Country], [Age]) values (31, 'Robbie', 'McGiffin', 'China', 42);
insert into [Customers] ([Id], [FirstName], [LastName], [Country], [Age]) values (32, 'Zonda', 'Abbison', 'Nigeria', 16);
insert into [Customers] ([Id], [FirstName], [LastName], [Country], [Age]) values (33, 'Mercie', 'Gautrey', 'China', 97);
insert into [Customers] ([Id], [FirstName], [LastName], [Country], [Age]) values (34, 'Nealson', 'Thon', 'China', 43);
insert into [Customers] ([Id], [FirstName], [LastName], [Country], [Age]) values (35, 'Otto', 'Grinaway', 'China', 47);
insert into [Customers] ([Id], [FirstName], [LastName], [Country], [Age]) values (36, 'Eldon', 'Hestrop', 'San Marino', 37);
insert into [Customers] ([Id], [FirstName], [LastName], [Country], [Age]) values (37, 'Pieter', 'Sire', 'Egypt', 80);
insert into [Customers] ([Id], [FirstName], [LastName], [Country], [Age]) values (38, 'Derby', 'Tumasian', 'Portugal', 43);
insert into [Customers] ([Id], [FirstName], [LastName], [Country], [Age]) values (39, 'Melesa', 'Hazelton', 'China', 85);
insert into [Customers] ([Id], [FirstName], [LastName], [Country], [Age]) values (40, 'Micah', 'Coker', 'China', 20);
insert into [Customers] ([Id], [FirstName], [LastName], [Country], [Age]) values (41, 'Kata', 'Dannell', 'Mongolia', 8);
insert into [Customers] ([Id], [FirstName], [LastName], [Country], [Age]) values (42, 'Rora', 'Jorczyk', 'Canada', 76);
insert into [Customers] ([Id], [FirstName], [LastName], [Country], [Age]) values (43, 'Sibylle', 'MacIntosh', 'Indonesia', 7);
insert into [Customers] ([Id], [FirstName], [LastName], [Country], [Age]) values (44, 'Eziechiele', 'Clayhill', 'China', 60);
insert into [Customers] ([Id], [FirstName], [LastName], [Country], [Age]) values (45, 'Iona', 'Jarrard', 'Serbia', 80);
insert into [Customers] ([Id], [FirstName], [LastName], [Country], [Age]) values (46, 'Roberto', 'Shimon', 'Philippines', 53);
insert into [Customers] ([Id], [FirstName], [LastName], [Country], [Age]) values (47, 'Law', 'Ashall', 'Argentina', 85);
insert into [Customers] ([Id], [FirstName], [LastName], [Country], [Age]) values (48, 'Fonz', 'Painten', 'China', 89);
insert into [Customers] ([Id], [FirstName], [LastName], [Country], [Age]) values (49, 'Robert', 'Reside', 'Albania', 79);
insert into [Customers] ([Id], [FirstName], [LastName], [Country], [Age]) values (50, 'Tootsie', 'Dalton', 'Russia', 46);
insert into [Customers] ([Id], [FirstName], [LastName], [Country], [Age]) values (51, 'Babette', 'Aspital', 'China', 56);
insert into [Customers] ([Id], [FirstName], [LastName], [Country], [Age]) values (52, 'Ingrim', 'Budnik', 'Thailand', 13);
insert into [Customers] ([Id], [FirstName], [LastName], [Country], [Age]) values (53, 'Petronilla', 'Presshaugh', 'Indonesia', 79);
insert into [Customers] ([Id], [FirstName], [LastName], [Country], [Age]) values (54, 'Flss', 'Cosans', 'Philippines', 90);
insert into [Customers] ([Id], [FirstName], [LastName], [Country], [Age]) values (55, 'Damien', 'Cahan', 'Ecuador', 15);
insert into [Customers] ([Id], [FirstName], [LastName], [Country], [Age]) values (56, 'Sheppard', 'Newing', 'Russia', 33);
insert into [Customers] ([Id], [FirstName], [LastName], [Country], [Age]) values (57, 'Nickie', 'Gartrell', 'Tunisia', 92);
insert into [Customers] ([Id], [FirstName], [LastName], [Country], [Age]) values (58, 'Sophronia', 'Cottrell', 'Peru', 30);
insert into [Customers] ([Id], [FirstName], [LastName], [Country], [Age]) values (59, 'Anthea', 'Vasyatkin', 'Portugal', 43);
insert into [Customers] ([Id], [FirstName], [LastName], [Country], [Age]) values (60, 'Tonie', 'Filipov', 'China', 21);
insert into [Customers] ([Id], [FirstName], [LastName], [Country], [Age]) values (61, 'Felike', 'Box', 'France', 74);
insert into [Customers] ([Id], [FirstName], [LastName], [Country], [Age]) values (62, 'Trevor', 'Orrick', 'China', 39);
insert into [Customers] ([Id], [FirstName], [LastName], [Country], [Age]) values (63, 'Lida', 'Stickles', 'Canada', 68);
insert into [Customers] ([Id], [FirstName], [LastName], [Country], [Age]) values (64, 'Donalt', 'Ingerson', 'Northern Mariana Islands', 90);
insert into [Customers] ([Id], [FirstName], [LastName], [Country], [Age]) values (65, 'El', 'Posselwhite', 'Morocco', 59);
insert into [Customers] ([Id], [FirstName], [LastName], [Country], [Age]) values (66, 'Dmitri', 'Whelband', 'Sierra Leone', 89);
insert into [Customers] ([Id], [FirstName], [LastName], [Country], [Age]) values (67, 'Conny', 'Ludgate', 'China', 51);
insert into [Customers] ([Id], [FirstName], [LastName], [Country], [Age]) values (68, 'Suzann', 'McGuffie', 'Sweden', 86);
insert into [Customers] ([Id], [FirstName], [LastName], [Country], [Age]) values (69, 'Ranice', 'Ambridge', 'Afghanistan', 68);
insert into [Customers] ([Id], [FirstName], [LastName], [Country], [Age]) values (70, 'Onfroi', 'Patrick', 'Philippines', 3);
insert into [Customers] ([Id], [FirstName], [LastName], [Country], [Age]) values (71, 'Margie', 'Fairn', 'Mayotte', 22);
insert into [Customers] ([Id], [FirstName], [LastName], [Country], [Age]) values (72, 'Vanya', 'Duckfield', 'Portugal', 27);
insert into [Customers] ([Id], [FirstName], [LastName], [Country], [Age]) values (73, 'Averil', 'Hullyer', 'Dominican Republic', 76);
insert into [Customers] ([Id], [FirstName], [LastName], [Country], [Age]) values (74, 'Hermia', 'Marryatt', 'Indonesia', 43);
insert into [Customers] ([Id], [FirstName], [LastName], [Country], [Age]) values (75, 'Cinnamon', 'Noar', 'Armenia', 3);
insert into [Customers] ([Id], [FirstName], [LastName], [Country], [Age]) values (76, 'Farrel', 'While', 'Yemen', 54);
insert into [Customers] ([Id], [FirstName], [LastName], [Country], [Age]) values (77, 'Erina', 'Gotthard', 'Portugal', 68);
insert into [Customers] ([Id], [FirstName], [LastName], [Country], [Age]) values (78, 'Brett', 'Seebright', 'Russia', 38);
insert into [Customers] ([Id], [FirstName], [LastName], [Country], [Age]) values (79, 'Frants', 'Gabites', 'Russia', 10);
insert into [Customers] ([Id], [FirstName], [LastName], [Country], [Age]) values (80, 'Brennen', 'Wadley', 'China', 52);
insert into [Customers] ([Id], [FirstName], [LastName], [Country], [Age]) values (81, 'Bartie', 'Urien', 'China', 56);
insert into [Customers] ([Id], [FirstName], [LastName], [Country], [Age]) values (82, 'Queenie', 'Draude', 'Ukraine', 61);
insert into [Customers] ([Id], [FirstName], [LastName], [Country], [Age]) values (83, 'Ruthann', 'Clemmen', 'Canada', 23);
insert into [Customers] ([Id], [FirstName], [LastName], [Country], [Age]) values (84, 'Vernen', 'Wiles', 'Argentina', 91);
insert into [Customers] ([Id], [FirstName], [LastName], [Country], [Age]) values (85, 'Jacklyn', 'Liepins', 'Colombia', 76);
insert into [Customers] ([Id], [FirstName], [LastName], [Country], [Age]) values (86, 'Amandie', 'Billison', 'Canada', 2);
insert into [Customers] ([Id], [FirstName], [LastName], [Country], [Age]) values (87, 'Rosanne', 'Kuhlmey', 'Greece', 91);
insert into [Customers] ([Id], [FirstName], [LastName], [Country], [Age]) values (88, 'Beryl', 'Rechert', 'Finland', 72);
insert into [Customers] ([Id], [FirstName], [LastName], [Country], [Age]) values (89, 'Tobi', 'Chester', 'Luxembourg', 1);
insert into [Customers] ([Id], [FirstName], [LastName], [Country], [Age]) values (90, 'Gilemette', 'Dempsey', 'Philippines', 17);
insert into [Customers] ([Id], [FirstName], [LastName], [Country], [Age]) values (91, 'Diego', 'Nicholes', 'Ethiopia', 100);
insert into [Customers] ([Id], [FirstName], [LastName], [Country], [Age]) values (92, 'Waverley', 'Eyden', 'Mauritius', 3);
insert into [Customers] ([Id], [FirstName], [LastName], [Country], [Age]) values (93, 'Nevil', 'Tiffany', 'Japan', 26);
insert into [Customers] ([Id], [FirstName], [LastName], [Country], [Age]) values (94, 'Karola', 'Ruby', 'United States', 13);
insert into [Customers] ([Id], [FirstName], [LastName], [Country], [Age]) values (95, 'Cornelius', 'Prangley', 'Russia', 84);
insert into [Customers] ([Id], [FirstName], [LastName], [Country], [Age]) values (96, 'Roddie', 'McVicker', 'Finland', 86);
insert into [Customers] ([Id], [FirstName], [LastName], [Country], [Age]) values (97, 'Nowell', 'Aspden', 'Poland', 17);
insert into [Customers] ([Id], [FirstName], [LastName], [Country], [Age]) values (98, 'Galvin', 'Ramsdell', 'France', 9);
insert into [Customers] ([Id], [FirstName], [LastName], [Country], [Age]) values (99, 'Lari', 'Kruschev', 'Mongolia', 30);
insert into [Customers] ([Id], [FirstName], [LastName], [Country], [Age]) values (100, 'Wynny', 'Nial', 'Brazil', 15);




create table [Tickets] (
                           Id INT,
                           [From] VARCHAR(50),
                           [To] VARCHAR(50),
                           DepartureTime DATE,
                           ArrivalTime DATE,
                           SeatNumber INT,
                           PlaneId INT,
                           CustomerId INT
);
insert into [Tickets] ([Id], [From], [To], DepartureTime, ArrivalTime, SeatNumber, PlaneId, CustomerId) values (1, 'Russia', 'Philippines', '9/24/2024', '3/11/2024', 76, 23, 95);
insert into [Tickets] ([Id], [From], [To], DepartureTime, ArrivalTime, SeatNumber, PlaneId, CustomerId) values (2, 'Honduras', 'China', '3/10/2024', '5/10/2024', 10, 99, 78);
insert into [Tickets] ([Id], [From], [To], DepartureTime, ArrivalTime, SeatNumber, PlaneId, CustomerId) values (3, 'Bosnia and Herzegovina', 'Thailand', '11/14/2024', '5/26/2024', 76, 46, 36);
insert into [Tickets] ([Id], [From], [To], DepartureTime, ArrivalTime, SeatNumber, PlaneId, CustomerId) values (4, 'United Kingdom', 'Finland', '1/29/2024', '9/20/2024', 99, 23, 66);
insert into [Tickets] ([Id], [From], [To], DepartureTime, ArrivalTime, SeatNumber, PlaneId, CustomerId) values (5, 'Brazil', 'China', '7/17/2024', '1/2/2024', 26, 63, 66);
insert into [Tickets] ([Id], [From], [To], DepartureTime, ArrivalTime, SeatNumber, PlaneId, CustomerId) values (6, 'Japan', 'Portugal', '6/16/2024', '11/29/2024', 60, 9, 96);
insert into [Tickets] ([Id], [From], [To], DepartureTime, ArrivalTime, SeatNumber, PlaneId, CustomerId) values (7, 'Canada', 'Portugal', '2/5/2024', '10/2/2024', 36, 22, 1);
insert into [Tickets] ([Id], [From], [To], DepartureTime, ArrivalTime, SeatNumber, PlaneId, CustomerId) values (8, 'Russia', 'China', '3/14/2024', '3/6/2024', 56, 41, 80);
insert into [Tickets] ([Id], [From], [To], DepartureTime, ArrivalTime, SeatNumber, PlaneId, CustomerId) values (9, 'Mexico', 'China', '1/31/2024', '12/18/2023', 41, 42, 83);
insert into [Tickets] ([Id], [From], [To], DepartureTime, ArrivalTime, SeatNumber, PlaneId, CustomerId) values (10, 'Brazil', 'Russia', '2/22/2024', '1/25/2024', 11, 72, 2);
insert into [Tickets] ([Id], [From], [To], DepartureTime, ArrivalTime, SeatNumber, PlaneId, CustomerId) values (11, 'Chile', 'Czech Republic', '8/7/2024', '3/23/2024', 51, 47, 31);
insert into [Tickets] ([Id], [From], [To], DepartureTime, ArrivalTime, SeatNumber, PlaneId, CustomerId) values (12, 'French Polynesia', 'Finland', '4/30/2024', '6/9/2024', 87, 85, 46);
insert into [Tickets] ([Id], [From], [To], DepartureTime, ArrivalTime, SeatNumber, PlaneId, CustomerId) values (13, 'China', 'France', '12/19/2023', '5/4/2024', 29, 99, 88);
insert into [Tickets] ([Id], [From], [To], DepartureTime, ArrivalTime, SeatNumber, PlaneId, CustomerId) values (14, 'Poland', 'Albania', '2/2/2024', '6/17/2024', 53, 59, 48);
insert into [Tickets] ([Id], [From], [To], DepartureTime, ArrivalTime, SeatNumber, PlaneId, CustomerId) values (15, 'Poland', 'Indonesia', '2/5/2024', '2/23/2024', 99, 30, 3);
insert into [Tickets] ([Id], [From], [To], DepartureTime, ArrivalTime, SeatNumber, PlaneId, CustomerId) values (16, 'China', 'China', '6/12/2024', '4/12/2024', 56, 64, 37);
insert into [Tickets] ([Id], [From], [To], DepartureTime, ArrivalTime, SeatNumber, PlaneId, CustomerId) values (17, 'Brazil', 'Russia', '7/17/2024', '1/29/2024', 80, 32, 31);
insert into [Tickets] ([Id], [From], [To], DepartureTime, ArrivalTime, SeatNumber, PlaneId, CustomerId) values (18, 'Sweden', 'Iran', '2/5/2024', '9/19/2024', 12, 4, 14);
insert into [Tickets] ([Id], [From], [To], DepartureTime, ArrivalTime, SeatNumber, PlaneId, CustomerId) values (19, 'Russia', 'Czech Republic', '1/28/2024', '3/18/2024', 100, 13, 27);
insert into [Tickets] ([Id], [From], [To], DepartureTime, ArrivalTime, SeatNumber, PlaneId, CustomerId) values (20, 'China', 'Israel', '3/12/2024', '6/19/2024', 57, 66, 7);
insert into [Tickets] ([Id], [From], [To], DepartureTime, ArrivalTime, SeatNumber, PlaneId, CustomerId) values (21, 'Latvia', 'Honduras', '5/21/2024', '10/15/2024', 15, 46, 70);
insert into [Tickets] ([Id], [From], [To], DepartureTime, ArrivalTime, SeatNumber, PlaneId, CustomerId) values (22, 'United States', 'Brazil', '3/24/2024', '12/8/2024', 47, 48, 87);
insert into [Tickets] ([Id], [From], [To], DepartureTime, ArrivalTime, SeatNumber, PlaneId, CustomerId) values (23, 'Sweden', 'France', '12/30/2023', '8/20/2024', 22, 97, 20);
insert into [Tickets] ([Id], [From], [To], DepartureTime, ArrivalTime, SeatNumber, PlaneId, CustomerId) values (24, 'Indonesia', 'Japan', '6/13/2024', '1/16/2024', 53, 31, 33);
insert into [Tickets] ([Id], [From], [To], DepartureTime, ArrivalTime, SeatNumber, PlaneId, CustomerId) values (25, 'Nigeria', 'Australia', '1/19/2024', '8/11/2024', 93, 40, 44);
insert into [Tickets] ([Id], [From], [To], DepartureTime, ArrivalTime, SeatNumber, PlaneId, CustomerId) values (26, 'Ukraine', 'Bosnia and Herzegovina', '5/24/2024', '2/24/2024', 38, 77, 48);
insert into [Tickets] ([Id], [From], [To], DepartureTime, ArrivalTime, SeatNumber, PlaneId, CustomerId) values (27, 'Russia', 'China', '10/11/2024', '6/28/2024', 11, 74, 90);
insert into [Tickets] ([Id], [From], [To], DepartureTime, ArrivalTime, SeatNumber, PlaneId, CustomerId) values (28, 'Japan', 'China', '3/17/2024', '10/22/2024', 79, 100, 89);
insert into [Tickets] ([Id], [From], [To], DepartureTime, ArrivalTime, SeatNumber, PlaneId, CustomerId) values (29, 'Panama', 'China', '1/4/2024', '8/29/2024', 61, 99, 9);
insert into [Tickets] ([Id], [From], [To], DepartureTime, ArrivalTime, SeatNumber, PlaneId, CustomerId) values (30, 'Madagascar', 'China', '8/31/2024', '11/26/2024', 34, 42, 90);
insert into [Tickets] ([Id], [From], [To], DepartureTime, ArrivalTime, SeatNumber, PlaneId, CustomerId) values (31, 'Armenia', 'Russia', '1/20/2024', '4/3/2024', 46, 10, 71);
insert into [Tickets] ([Id], [From], [To], DepartureTime, ArrivalTime, SeatNumber, PlaneId, CustomerId) values (32, 'Brazil', 'Poland', '7/19/2024', '11/16/2024', 32, 55, 54);
insert into [Tickets] ([Id], [From], [To], DepartureTime, ArrivalTime, SeatNumber, PlaneId, CustomerId) values (33, 'Uganda', 'China', '12/29/2023', '3/16/2024', 9, 84, 28);
insert into [Tickets] ([Id], [From], [To], DepartureTime, ArrivalTime, SeatNumber, PlaneId, CustomerId) values (34, 'Finland', 'Mozambique', '7/29/2024', '8/13/2024', 24, 15, 8);
insert into [Tickets] ([Id], [From], [To], DepartureTime, ArrivalTime, SeatNumber, PlaneId, CustomerId) values (35, 'Vietnam', 'China', '3/25/2024', '10/1/2024', 70, 3, 41);
insert into [Tickets] ([Id], [From], [To], DepartureTime, ArrivalTime, SeatNumber, PlaneId, CustomerId) values (36, 'Croatia', 'United States', '11/15/2024', '12/30/2023', 35, 66, 83);
insert into [Tickets] ([Id], [From], [To], DepartureTime, ArrivalTime, SeatNumber, PlaneId, CustomerId) values (37, 'Sweden', 'Russia', '2/18/2024', '6/11/2024', 43, 97, 73);
insert into [Tickets] ([Id], [From], [To], DepartureTime, ArrivalTime, SeatNumber, PlaneId, CustomerId) values (38, 'Serbia', 'Malaysia', '3/6/2024', '1/11/2024', 37, 100, 6);
insert into [Tickets] ([Id], [From], [To], DepartureTime, ArrivalTime, SeatNumber, PlaneId, CustomerId) values (39, 'Russia', 'Albania', '5/13/2024', '1/17/2024', 25, 78, 97);
insert into [Tickets] ([Id], [From], [To], DepartureTime, ArrivalTime, SeatNumber, PlaneId, CustomerId) values (40, 'Czech Republic', 'Australia', '3/9/2024', '9/16/2024', 100, 48, 62);
insert into [Tickets] ([Id], [From], [To], DepartureTime, ArrivalTime, SeatNumber, PlaneId, CustomerId) values (41, 'Yemen', 'Zimbabwe', '5/11/2024', '6/23/2024', 74, 62, 30);
insert into [Tickets] ([Id], [From], [To], DepartureTime, ArrivalTime, SeatNumber, PlaneId, CustomerId) values (42, 'Tajikistan', 'Afghanistan', '2/9/2024', '2/7/2024', 34, 63, 17);
insert into [Tickets] ([Id], [From], [To], DepartureTime, ArrivalTime, SeatNumber, PlaneId, CustomerId) values (43, 'Azerbaijan', 'Indonesia', '12/28/2023', '10/21/2024', 55, 30, 60);
insert into [Tickets] ([Id], [From], [To], DepartureTime, ArrivalTime, SeatNumber, PlaneId, CustomerId) values (44, 'Russia', 'Slovenia', '7/10/2024', '7/24/2024', 30, 73, 4);
insert into [Tickets] ([Id], [From], [To], DepartureTime, ArrivalTime, SeatNumber, PlaneId, CustomerId) values (45, 'Brazil', 'China', '8/24/2024', '8/4/2024', 84, 43, 46);
insert into [Tickets] ([Id], [From], [To], DepartureTime, ArrivalTime, SeatNumber, PlaneId, CustomerId) values (46, 'Portugal', 'Benin', '2/23/2024', '2/26/2024', 75, 9, 87);
insert into [Tickets] ([Id], [From], [To], DepartureTime, ArrivalTime, SeatNumber, PlaneId, CustomerId) values (47, 'Greece', 'Nigeria', '3/5/2024', '12/2/2024', 5, 13, 89);
insert into [Tickets] ([Id], [From], [To], DepartureTime, ArrivalTime, SeatNumber, PlaneId, CustomerId) values (48, 'Belarus', 'China', '7/30/2024', '7/29/2024', 16, 44, 4);
insert into [Tickets] ([Id], [From], [To], DepartureTime, ArrivalTime, SeatNumber, PlaneId, CustomerId) values (49, 'Indonesia', 'Indonesia', '2/28/2024', '3/13/2024', 10, 41, 86);
insert into [Tickets] ([Id], [From], [To], DepartureTime, ArrivalTime, SeatNumber, PlaneId, CustomerId) values (50, 'France', 'China', '3/21/2024', '4/27/2024', 60, 2, 55);
insert into [Tickets] ([Id], [From], [To], DepartureTime, ArrivalTime, SeatNumber, PlaneId, CustomerId) values (51, 'Russia', 'Philippines', '3/28/2024', '6/21/2024', 85, 97, 99);
insert into [Tickets] ([Id], [From], [To], DepartureTime, ArrivalTime, SeatNumber, PlaneId, CustomerId) values (52, 'China', 'Russia', '3/21/2024', '4/19/2024', 27, 20, 45);
insert into [Tickets] ([Id], [From], [To], DepartureTime, ArrivalTime, SeatNumber, PlaneId, CustomerId) values (53, 'Czech Republic', 'China', '5/9/2024', '6/3/2024', 33, 34, 76);
insert into [Tickets] ([Id], [From], [To], DepartureTime, ArrivalTime, SeatNumber, PlaneId, CustomerId) values (54, 'United States', 'China', '2/21/2024', '7/9/2024', 19, 14, 66);
insert into [Tickets] ([Id], [From], [To], DepartureTime, ArrivalTime, SeatNumber, PlaneId, CustomerId) values (55, 'Uzbekistan', 'Mexico', '1/22/2024', '1/4/2024', 89, 8, 40);
insert into [Tickets] ([Id], [From], [To], DepartureTime, ArrivalTime, SeatNumber, PlaneId, CustomerId) values (56, 'Sweden', 'Sweden', '11/5/2024', '10/24/2024', 84, 22, 87);
insert into [Tickets] ([Id], [From], [To], DepartureTime, ArrivalTime, SeatNumber, PlaneId, CustomerId) values (57, 'Chile', 'China', '1/4/2024', '8/20/2024', 73, 70, 99);
insert into [Tickets] ([Id], [From], [To], DepartureTime, ArrivalTime, SeatNumber, PlaneId, CustomerId) values (58, 'Brazil', 'Poland', '7/30/2024', '4/28/2024', 24, 53, 48);
insert into [Tickets] ([Id], [From], [To], DepartureTime, ArrivalTime, SeatNumber, PlaneId, CustomerId) values (59, 'Russia', 'Indonesia', '11/1/2024', '1/2/2024', 19, 16, 75);
insert into [Tickets] ([Id], [From], [To], DepartureTime, ArrivalTime, SeatNumber, PlaneId, CustomerId) values (60, 'Philippines', 'Armenia', '5/7/2024', '11/22/2024', 8, 83, 40);
insert into [Tickets] ([Id], [From], [To], DepartureTime, ArrivalTime, SeatNumber, PlaneId, CustomerId) values (61, 'Philippines', 'Indonesia', '8/5/2024', '7/21/2024', 32, 10, 4);
insert into [Tickets] ([Id], [From], [To], DepartureTime, ArrivalTime, SeatNumber, PlaneId, CustomerId) values (62, 'Pakistan', 'Indonesia', '12/17/2023', '2/27/2024', 36, 91, 26);
insert into [Tickets] ([Id], [From], [To], DepartureTime, ArrivalTime, SeatNumber, PlaneId, CustomerId) values (63, 'China', 'Indonesia', '10/8/2024', '6/27/2024', 57, 57, 50);
insert into [Tickets] ([Id], [From], [To], DepartureTime, ArrivalTime, SeatNumber, PlaneId, CustomerId) values (64, 'Indonesia', 'Sweden', '8/17/2024', '7/25/2024', 10, 2, 44);
insert into [Tickets] ([Id], [From], [To], DepartureTime, ArrivalTime, SeatNumber, PlaneId, CustomerId) values (65, 'China', 'Brazil', '10/29/2024', '9/18/2024', 23, 55, 47);
insert into [Tickets] ([Id], [From], [To], DepartureTime, ArrivalTime, SeatNumber, PlaneId, CustomerId) values (66, 'Russia', 'Syria', '7/23/2024', '7/21/2024', 70, 50, 13);
insert into [Tickets] ([Id], [From], [To], DepartureTime, ArrivalTime, SeatNumber, PlaneId, CustomerId) values (67, 'Russia', 'Indonesia', '8/2/2024', '10/31/2024', 52, 89, 10);
insert into [Tickets] ([Id], [From], [To], DepartureTime, ArrivalTime, SeatNumber, PlaneId, CustomerId) values (68, 'Portugal', 'Croatia', '10/12/2024', '1/25/2024', 100, 100, 22);
insert into [Tickets] ([Id], [From], [To], DepartureTime, ArrivalTime, SeatNumber, PlaneId, CustomerId) values (69, 'China', 'Indonesia', '7/3/2024', '5/19/2024', 9, 72, 4);
insert into [Tickets] ([Id], [From], [To], DepartureTime, ArrivalTime, SeatNumber, PlaneId, CustomerId) values (70, 'Serbia', 'Germany', '5/25/2024', '8/21/2024', 44, 96, 11);
insert into [Tickets] ([Id], [From], [To], DepartureTime, ArrivalTime, SeatNumber, PlaneId, CustomerId) values (71, 'China', 'Croatia', '2/8/2024', '8/9/2024', 32, 90, 39);
insert into [Tickets] ([Id], [From], [To], DepartureTime, ArrivalTime, SeatNumber, PlaneId, CustomerId) values (72, 'Russia', 'El Salvador', '6/14/2024', '9/21/2024', 95, 35, 27);
insert into [Tickets] ([Id], [From], [To], DepartureTime, ArrivalTime, SeatNumber, PlaneId, CustomerId) values (73, 'China', 'Canada', '8/17/2024', '11/15/2024', 89, 76, 71);
insert into [Tickets] ([Id], [From], [To], DepartureTime, ArrivalTime, SeatNumber, PlaneId, CustomerId) values (74, 'American Samoa', 'Mozambique', '4/1/2024', '1/18/2024', 93, 100, 85);
insert into [Tickets] ([Id], [From], [To], DepartureTime, ArrivalTime, SeatNumber, PlaneId, CustomerId) values (75, 'Brazil', 'Canada', '7/25/2024', '5/2/2024', 95, 45, 44);
insert into [Tickets] ([Id], [From], [To], DepartureTime, ArrivalTime, SeatNumber, PlaneId, CustomerId) values (76, 'Indonesia', 'China', '7/28/2024', '8/22/2024', 56, 86, 67);
insert into [Tickets] ([Id], [From], [To], DepartureTime, ArrivalTime, SeatNumber, PlaneId, CustomerId) values (77, 'Canada', 'Azerbaijan', '9/3/2024', '12/24/2023', 79, 21, 63);
insert into [Tickets] ([Id], [From], [To], DepartureTime, ArrivalTime, SeatNumber, PlaneId, CustomerId) values (78, 'France', 'Philippines', '9/2/2024', '4/7/2024', 50, 68, 26);
insert into [Tickets] ([Id], [From], [To], DepartureTime, ArrivalTime, SeatNumber, PlaneId, CustomerId) values (79, 'Mongolia', 'Panama', '2/16/2024', '7/5/2024', 26, 47, 80);
insert into [Tickets] ([Id], [From], [To], DepartureTime, ArrivalTime, SeatNumber, PlaneId, CustomerId) values (80, 'China', 'China', '2/23/2024', '1/26/2024', 23, 69, 59);
insert into [Tickets] ([Id], [From], [To], DepartureTime, ArrivalTime, SeatNumber, PlaneId, CustomerId) values (81, 'Poland', 'China', '11/18/2024', '1/25/2024', 40, 89, 57);
insert into [Tickets] ([Id], [From], [To], DepartureTime, ArrivalTime, SeatNumber, PlaneId, CustomerId) values (82, 'China', 'Bosnia and Herzegovina', '8/3/2024', '10/5/2024', 48, 7, 59);
insert into [Tickets] ([Id], [From], [To], DepartureTime, ArrivalTime, SeatNumber, PlaneId, CustomerId) values (83, 'Poland', 'Azerbaijan', '5/3/2024', '2/6/2024', 6, 28, 70);
insert into [Tickets] ([Id], [From], [To], DepartureTime, ArrivalTime, SeatNumber, PlaneId, CustomerId) values (84, 'China', 'Vietnam', '11/20/2024', '11/6/2024', 84, 34, 54);
insert into [Tickets] ([Id], [From], [To], DepartureTime, ArrivalTime, SeatNumber, PlaneId, CustomerId) values (85, 'Syria', 'Russia', '9/8/2024', '11/21/2024', 73, 87, 25);
insert into [Tickets] ([Id], [From], [To], DepartureTime, ArrivalTime, SeatNumber, PlaneId, CustomerId) values (86, 'Japan', 'Philippines', '2/1/2024', '9/19/2024', 85, 77, 30);
insert into [Tickets] ([Id], [From], [To], DepartureTime, ArrivalTime, SeatNumber, PlaneId, CustomerId) values (87, 'France', 'Poland', '6/1/2024', '8/24/2024', 53, 67, 29);
insert into [Tickets] ([Id], [From], [To], DepartureTime, ArrivalTime, SeatNumber, PlaneId, CustomerId) values (88, 'China', 'South Africa', '5/5/2024', '1/20/2024', 64, 24, 19);
insert into [Tickets] ([Id], [From], [To], DepartureTime, ArrivalTime, SeatNumber, PlaneId, CustomerId) values (89, 'Czech Republic', 'Argentina', '6/28/2024', '4/23/2024', 71, 24, 91);
insert into [Tickets] ([Id], [From], [To], DepartureTime, ArrivalTime, SeatNumber, PlaneId, CustomerId) values (90, 'Japan', 'Austria', '9/11/2024', '4/15/2024', 97, 59, 54);
insert into [Tickets] ([Id], [From], [To], DepartureTime, ArrivalTime, SeatNumber, PlaneId, CustomerId) values (91, 'Gambia', 'Poland', '1/3/2024', '7/30/2024', 1, 5, 63);
insert into [Tickets] ([Id], [From], [To], DepartureTime, ArrivalTime, SeatNumber, PlaneId, CustomerId) values (92, 'Japan', 'Indonesia', '11/23/2024', '9/2/2024', 21, 22, 41);
insert into [Tickets] ([Id], [From], [To], DepartureTime, ArrivalTime, SeatNumber, PlaneId, CustomerId) values (93, 'China', 'Indonesia', '9/11/2024', '6/15/2024', 47, 36, 33);
insert into [Tickets] ([Id], [From], [To], DepartureTime, ArrivalTime, SeatNumber, PlaneId, CustomerId) values (94, 'Martinique', 'Indonesia', '5/29/2024', '9/15/2024', 68, 19, 75);
insert into [Tickets] ([Id], [From], [To], DepartureTime, ArrivalTime, SeatNumber, PlaneId, CustomerId) values (95, 'United States', 'South Africa', '8/21/2024', '4/29/2024', 87, 71, 31);
insert into [Tickets] ([Id], [From], [To], DepartureTime, ArrivalTime, SeatNumber, PlaneId, CustomerId) values (96, 'China', 'Ukraine', '1/14/2024', '3/16/2024', 1, 61, 82);
insert into [Tickets] ([Id], [From], [To], DepartureTime, ArrivalTime, SeatNumber, PlaneId, CustomerId) values (97, 'China', 'Comoros', '10/16/2024', '1/13/2024', 13, 26, 32);
insert into [Tickets] ([Id], [From], [To], DepartureTime, ArrivalTime, SeatNumber, PlaneId, CustomerId) values (98, 'France', 'Poland', '11/12/2024', '2/12/2024', 21, 18, 62);
insert into [Tickets] ([Id], [From], [To], DepartureTime, ArrivalTime, SeatNumber, PlaneId, CustomerId) values (99, 'China', 'Croatia', '3/19/2024', '3/1/2024', 100, 53, 72);
insert into [Tickets] ([Id], [From], [To], DepartureTime, ArrivalTime, SeatNumber, PlaneId, CustomerId) values (100, 'Russia', 'France', '8/17/2024', '12/20/2023', 6, 60, 56);

